https://alvarosb.wordpress.com/tag/ubiquiti,/categories/ubiquiti.html
https://alvarosb.wordpress.com/tag/dns,/categories/dns.html
https://alvarosb.wordpress.com/2014/04/01/openwrt-en-ubiquiti-power-ap-n-multiwan/,https://alvarosb.wordpress.com/posts/2014/04/01/openwrt-en-ubiquiti-power-ap-n-multiwan.html
https://alvarosb.wordpress.com/tag/repetierhost,/categories/repetierhost.html
https://alvarosb.wordpress.com/?p=31,https://alvarosb.wordpress.com/posts/31.html
https://alvarosb.wordpress.com/tag/openwrt,/categories/openwrt.html
https://alvarosb.wordpress.com/tag/roku,/categories/roku.html
https://alvarosb.wordpress.com/tag/uart,/categories/uart.html
https://alvarosb.wordpress.com/2014/03/31/recuperar-contrasena-de-mysql/,https://alvarosb.wordpress.com/posts/2014/03/31/recuperar-contrasena-de-mysql.html
https://alvarosb.wordpress.com/tag/timeout,/categories/timeout.html
https://alvarosb.wordpress.com/2014/04/01/optimizacion-de-apache2/,https://alvarosb.wordpress.com/posts/2014/04/01/optimizacion-de-apache2.html
https://alvarosb.wordpress.com/tag/mysql,/categories/mysql.html
https://alvarosb.wordpress.com/2014/04/30/freeswitch-in-raspberry-pi/,https://alvarosb.wordpress.com/posts/2014/04/30/freeswitch-in-raspberry-pi.html
https://alvarosb.wordpress.com/2015/05/24/configuracion-para-la-printrbot-simple/,https://alvarosb.wordpress.com/posts/2015/05/24/configuracion-para-la-printrbot-simple.html
https://alvarosb.wordpress.com/tag/locale,/categories/locale.html
https://alvarosb.wordpress.com/tag/gabotronics,/categories/gabotronics.html
https://alvarosb.wordpress.com/about/,https://alvarosb.wordpress.com/stories/about.html
https://alvarosb.wordpress.com/tag/multiwan,/categories/multiwan.html
https://alvarosb.wordpress.com/2014/03/31/using-us-netflix-with-roku-and-openwrt-2/,https://alvarosb.wordpress.com/posts/2014/03/31/using-us-netflix-with-roku-and-openwrt-2.html
https://alvarosb.wordpress.com/2014/04/01/evitar-desconexion-de-ssh-desde-el-lado-del-cliente/,https://alvarosb.wordpress.com/posts/2014/04/01/evitar-desconexion-de-ssh-desde-el-lado-del-cliente.html
https://alvarosb.wordpress.com/tag/3dprint,/categories/3dprint.html
https://alvarosb.wordpress.com/2014/03/31/usuarios-sftp-sin-ssh/,https://alvarosb.wordpress.com/posts/2014/03/31/usuarios-sftp-sin-ssh.html
https://alvarosb.wordpress.com/2014/07/05/instalando-repetierhost-en-ubuntu-12-04/,https://alvarosb.wordpress.com/posts/2014/07/05/instalando-repetierhost-en-ubuntu-12-04.html
https://alvarosb.wordpress.com/tag/printrbot,/categories/printrbot.html
https://alvarosb.wordpress.com/2014/03/31/usar-internet-en-el-beaglebone-black/,https://alvarosb.wordpress.com/posts/2014/03/31/usar-internet-en-el-beaglebone-black.html
https://alvarosb.wordpress.com/2014/04/30/optmizacion-fuertes-de-un-sitio-web-2/,https://alvarosb.wordpress.com/posts/2014/04/30/optmizacion-fuertes-de-un-sitio-web-2.html
https://alvarosb.wordpress.com/2014/06/24/problemas-con-locales-en-debianubunturaspbian/,https://alvarosb.wordpress.com/posts/2014/06/24/problemas-con-locales-en-debianubunturaspbian.html
https://alvarosb.wordpress.com/tag/netflix,/categories/netflix.html
https://alvarosb.wordpress.com/tag/debian,/categories/debian.html
https://alvarosb.wordpress.com/?p=4,https://alvarosb.wordpress.com/posts/4.html
https://alvarosb.wordpress.com/tag/xprotolab,/categories/xprotolab.html
https://alvarosb.wordpress.com/tag/forwarder,/categories/forwarder.html
https://alvarosb.wordpress.com/tag/ssh,/categories/ssh.html
https://alvarosb.wordpress.com/?p=2,https://alvarosb.wordpress.com/posts/using-us-netflix-with-roku-and-openwrt.html
https://alvarosb.wordpress.com/2014/04/30/modem-wimax-japi-costa-rica/,https://alvarosb.wordpress.com/posts/2014/04/30/modem-wimax-japi-costa-rica.html
https://alvarosb.wordpress.com/tag/python,/categories/python.html
https://alvarosb.wordpress.com/tag/repetier,/categories/repetier.html
